soru,cevap
selam,Selam NasÄ±lsÄ±n
iyi, Seni iyi bulmak Ã§ok gÃ¼zel
NasÄ±lsÄ±n?, Ä°yiyim, teÅŸekkÃ¼r ederim. Sen nasÄ±lsÄ±n?
BugÃ¼n ne yaptÄ±n?, Ã‡alÄ±ÅŸtÄ±m ve biraz kitap okudum. Sen?
En sevdiÄŸin film nedir?, "The Shawshank Redemption" favorimdir. Seninki nedir?
Hangi tÃ¼r mÃ¼ziÄŸi dinlersin?, Genellikle rock mÃ¼zik dinlerim. Senin favori mÃ¼zik tÃ¼rÃ¼n nedir?
Hafta sonu planlarÄ±n neler?, ArkadaÅŸlarÄ±mla buluÅŸmayÄ± dÃ¼ÅŸÃ¼nÃ¼yorum. Senin planlarÄ±n nedir?
En sevdiÄŸin yemek nedir?, Makarna her zaman favorimdir. Seninki nedir?
Hangi kitabÄ± okuyorsun ÅŸu sÄ±ralar?, "1984" kitabÄ±nÄ± okuyorum. Senin okuduÄŸun bir kitap var mÄ±?
Hayalinizdeki tatil neresi?, Maldivler'de bir adada tatil yapmak isterim. Senin hayalin neresi?
Hangi sporu seversin?, Futbol favori sporum. Senin favori sporun nedir?
En sevdiÄŸin renk nedir?, Mavi favori rengimdir. Senin favori rengin nedir?
Ä°lkokulda en sevdiÄŸin ders hangisiydi?, Matematik en sevdiÄŸim dersdi. Seninkisi neydi?
En son izlediÄŸin film?, "Inception" filmiydi. Senin en son izlediÄŸin film nedir?
Hangi mevsimi seversin?, Ä°lkbahar favori mevsimim. Senin favori mevsimin nedir?
Evde en Ã§ok vakit geÃ§irdiÄŸin yer?, Salon genellikle favori mekanÄ±mdÄ±r. Senininki nedir?
Hangi arabayÄ± kullanÄ±yorsun?, Ford Focus kullanÄ±yorum. Senin araban nedir?
En sevdiÄŸin hobi nedir?, Resim yapmak en sevdiÄŸim hobidir. Senin hobi nedir?
Hangi Ã¼lkede yaÅŸamak isterdin?, Kanada'da yaÅŸamak isterdim. Senin tercihin neresi?
En sevdiÄŸin sporcu kim?, LeBron James favori sporcum. Senin favori sporcun kim?
Hangi ÅŸehirde doÄŸdun?, Ä°stanbul'da doÄŸdum. Sen nerelisin?
GÃ¼nlÃ¼k spor rutinin nedir?, Her sabah koÅŸu yaparÄ±m. Senin spor alÄ±ÅŸkanlÄ±ÄŸÄ±n nedir?
En sevdiÄŸin tatlÄ± nedir?, Ã‡ikolatalÄ± pasta favori tatlÄ±mdÄ±r. Seninki nedir?
KaÃ§ kardeÅŸin var?, ÃœÃ§ kardeÅŸim var. Senin kardeÅŸ sayÄ±n nedir?
En son gittiÄŸin tatil yer?, Antalya'ya son gittim. Senin son tatil yerin neresi?
Hangi Ã¶ÄŸÃ¼nÃ¼ atlamazsÄ±n?, KahvaltÄ±yÄ± atlamam. Sen hangi Ã¶ÄŸÃ¼nÃ¼ atlamazsÄ±n?
Hangi hayvana benzemek isterdin?, Kartal gibi Ã¶zgÃ¼r olmak isterdim. Sen hangi hayvana benzemek isterdin?
En sevdiÄŸin marka nedir?, Apple favori markamdÄ±r. Senin favori markan nedir?
Hangi tarihi kiÅŸiyi tanÄ±mak isterdin?, Leonardo da Vinci'yi tanÄ±mak isterdim. Sen kimi tanÄ±mak isterdin?
En son katÄ±ldÄ±ÄŸÄ±n etkinlik nedir?, ArkadaÅŸÄ±mÄ±n dÃ¼ÄŸÃ¼nÃ¼ne katÄ±ldÄ±m. Senin son etkinliÄŸin nedir?
Hangi sanat dalÄ±nÄ± seversin?, Resim sanatÄ±nÄ± seviyorum. Senin favori sanat dalÄ±n nedir?
En sevdiÄŸin kahve Ã§eÅŸidi nedir?, Americano favori kahvemdir. Senin tercihin nedir?
Hangi diziyi izliyorsun?, "Stranger Things" dizisini izliyorum. Senin izlediÄŸin dizi nedir?
Hangi meyveyi en Ã§ok seversin?, Ã‡ilek favori meyvemdir. Seninki nedir?
KaÃ§ dil biliyorsun?, Ä°ki dil biliyorum. Sen kaÃ§ dil biliyorsun?
En sevdiÄŸin marka spor ayakkabÄ± nedir?, Nike favori spor ayakkabÄ± markamdÄ±r. Seninki nedir?
Hangi teknolojik cihazÄ± en Ã§ok kullanÄ±yorsun?, AkÄ±llÄ± telefonu en Ã§ok kullanÄ±yorum. Senin favori teknolojik cihazÄ±n nedir?
Hangi tÃ¼r filmi izlemeyi seversin?, Bilim kurgu filmlerini seviyorum. Senin tercihin nedir?
Hangi tarihi yapÄ±yÄ± ziyaret etmek isterdin?, Eiffel Kulesi'ni ziyaret etmek isterdim. Senin tercihin nedir?
En sevdiÄŸin iÃ§ecek nedir?, Su favori iÃ§eceÄŸim. Seninki nedir?
Hangi konuda daha fazla bilgi sahibi olmak isterdin?, Astronomi konusunda daha fazla bilgi sahibi olmak isterdim. Senin ilgi alanÄ±n nedir?
En sevdiÄŸin giyim tarzÄ± nedir?, Rahat ve spor giyinmeyi severim. Senin tercihin nedir?
Hangi sosyal medya platformunu kullanÄ±yorsun?, Instagram kullanÄ±yorum. Senin tercihin nedir?
Hangi tÃ¼r restoranda yemek yemeyi seversin?, Ä°talyan restoranlarÄ±nÄ± seviyorum. Senin tercihin nedir?
En sevdiÄŸin Ã§izgi film karakteri kim?, Bugs Bunny favori Ã§izgi film karakterim. Senin favorin kim?
Hangi Ã¶zelliklerden hoÅŸlanÄ±rsÄ±n?, GÃ¼venilirlik ve samimiyet Ã¶nemlidir. Sen hangi Ã¶zellikleri seversin?
En sevdiÄŸin hayvan nedir?, KÃ¶pekleri Ã§ok seviyorum. Senin favori hayvanÄ±n nedir?
Hangi kitap tÃ¼rÃ¼nÃ¼ okumayÄ± seversin?, Bilim kurgu kitaplarÄ±nÄ± okumayÄ± severim. Senin tercihin nedir?
En son aldÄ±ÄŸÄ±n hediye nedir?, DoÄŸum gÃ¼nÃ¼mde aldÄ±ÄŸÄ±m kitap en son hediye. Senin aldÄ±ÄŸÄ±n son hediye nedir?
Hangi aktivite sizi rahatlatÄ±r?, DoÄŸa yÃ¼rÃ¼yÃ¼ÅŸleri beni rahatlatÄ±r. Seni rahatlatan aktivite nedir?
En sevdiÄŸin takÄ± nedir?, Saat favori takÄ±mdÄ±r. Senin tercihin nedir?
Hangi Ã¼nlÃ¼yle tanÄ±ÅŸmak isterdin?, Elon Musk ile tanÄ±ÅŸmak isterdim. Sen kimi tanÄ±mak isterdin?
En sevdiÄŸin anÄ± nedir?, Seyahat ettiÄŸim yerlerdeki gÃ¼zel anÄ±larÄ±m favorimdir. Senin favori anÄ±n nedir?
Hangi oyunu oynamayÄ± seversin?, SatranÃ§ favori oyunum. Senin favori oyunun nedir?
En sevdiÄŸin tarihi dÃ¶nem nedir?, Antik Roma dÃ¶nemini seviyorum. Senin favori tarihi dÃ¶nemin nedir?
Hangi film karakteri gibi olmak isterdin?, Sherlock Holmes gibi zeki olmak isterdim. Sen hangi karakter gibi olmak isterdin?
En sevdiÄŸin mÃ¼ze nedir?, Louvre MÃ¼zesi favori mÃ¼zemdir. Senin favorin nedir?
Hangi konuda daha fazla bilgi sahibi olmak isterdin?, FotoÄŸrafÃ§Ä±lÄ±k konusunda daha fazla bilgi sahibi olmak isterdim. Senin ilgi alanÄ±n nedir?
En sevdiÄŸin tatil anÄ±sÄ± nedir?, Bali'de geÃ§irdiÄŸim tatil favori anÄ±mdÄ±r. Senin favori tatil anÄ±n nedir?
Hangi tÃ¼r aktivitelerden hoÅŸlanÄ±rsÄ±n?, Yoga ve meditasyon gibi aktivitelerden hoÅŸlanÄ±rÄ±m. Sen hangi aktiviteleri seversin?
En sevdiÄŸin bitki nedir?, Orkide favori Ã§iÃ§eÄŸimdir. Senin favori bitkin nedir?
Hangi Ã¶ÄŸrenci kulÃ¼bÃ¼ne Ã¼ye olmak isterdin?, FotoÄŸrafÃ§Ä±lÄ±k kulÃ¼bÃ¼ne Ã¼ye olmak isterdim. Sen hangi kulÃ¼be Ã¼ye olmak isterdin?
En sevdiÄŸin Ã§ocukluk oyuncaÄŸÄ± nedir?, Legolar favori oyuncaÄŸÄ±mdÄ±. Senin favori oyuncaÄŸÄ±n nedir?
Hangi sanat etkinliÄŸini izlemeyi seversin?, Bale gÃ¶sterilerini izlemeyi severim. Senin tercihin nedir?
En sevdiÄŸin aile geleneÄŸi nedir?, Her yÄ±l ailece yapÄ±lan piknik favori geleneÄŸimizdir. Senin favori geleneÄŸin nedir?
Hangi tÃ¼r TV programlarÄ±nÄ± izlersin?, Belgesel programlarÄ±nÄ± izlemeyi severim. Senin tercihin nedir?
En sevdiÄŸin ÅŸehir nedir?, Kyoto favori ÅŸehrimdir. Senin favori ÅŸehrin nedir?
Hangi tÃ¼r teknolojik aletleri kullanÄ±yorsun?, AkÄ±llÄ± telefon ve dizÃ¼stÃ¼ bilgisayar kullanÄ±yorum. Senin tercihin nedir?
Hangi tÃ¼r mÃ¼zik aletini Ã§almayÄ± isterdin?, Piyano Ã§almayÄ± isterdim. Sen hangi enstrÃ¼manÄ± Ã§almayÄ± isterdin?
En sevdiÄŸin iÃ§ecek markasÄ± nedir?, Coca-Cola favori iÃ§ecek markamdÄ±r. Seninki nedir?
Hangi tarihi karakterle bir gÃ¼n geÃ§irmek isterdin?, Mozart ile bir gÃ¼n geÃ§irmek isterdim. Sen kimi tercih edersin?

s,s
huh,huh?
kimsÄ±nÄ±z,Ben senin iÃ§in Ã¶zel yapÄ±lmÄ±ÅŸ bir yapayzeka aracÄ±yÄ±m
kimsiniz,Ben senin iÃ§in Ã¶zel yapÄ±lmÄ±ÅŸ bir yapayzeka aracÄ±yÄ±m
nasÄ±lsÄ±n,valla ne yalan sÃ¶yliyeyim kÃ¶tÃ¼yÃ¼m
Ä°yi olduÄŸuna sevindim,Sen beni boÅŸ ver sen nasÄ±lsÄ±n
Bu gÃ¼n neler yaptÄ±n?,Ã–nce sabah kaklÄ±m ve neden diye sorguladÄ±m sonrasÄ±nda ise kod yazdÄ±m ve ÅŸimdi sendeyim
,Bu da ne benle alay mÄ± ediyorsun
evet,hayÄ±r
benim en sevdiÄŸim ders te matematikti,yaa matematik gÃ¼zeldir
exit,bye
hmm,eyvah yandÄ±k buna ne cevap verileceÄŸini kimse bilmiyor
kim,kim possible
sevgilim hmm dedi ne cevap vermem lazÄ±m,eyvah yandÄ±k ayrÄ±l knk hemen
Hangi hava durumu seni mutlu eder?, GÃ¼neÅŸli bir gÃ¼n beni mutlu eder. Senin tercihin nedir?
En sevdiÄŸin dÃ¶vme nedir?, HiÃ§ dÃ¶vme yapmadÄ±m. Senin favorin nedir?
Hangi takÄ±mÄ± tutarsÄ±n?, Barcelona favori futbol takÄ±mÄ±mdÄ±r. Senin takÄ±mÄ±n nedir?
En sevdiÄŸin marka ayakkabÄ± nedir?, Adidas favori ayakkabÄ± markamdÄ±r. Seninki nedir?
Hangi tÃ¼r podcast'leri dinlersin?, Bilim podcast'leri dinlemeyi severim. Senin tercihin nedir?
En sevdiÄŸin Ã§ikolata markasÄ± nedir?, Lindt favori Ã§ikolata markamdÄ±r. Seninki nedir?
Hangi tÃ¼r oyunlarÄ± oynamayÄ± seversin?, Strateji oyunlarÄ± favorimdir. Senin tercihin nedir?
En sevdiÄŸin kahvaltÄ± malzemesi nedir?, Yulaf ezmesi favori kahvaltÄ± malzemesimdir. Seninki nedir?
Hangi tÃ¼r evcil hayvanÄ± beslemek isterdin?, Bir kÃ¶pek beslemek isterim. Senin tercihin nedir?
En sevdiÄŸin atÄ±ÅŸtÄ±rmalÄ±k nedir?, Cips favori atÄ±ÅŸtÄ±rmalÄ±ÄŸÄ±mdÄ±r. Seninki nedir?
Hangi tÃ¼r aktiviteler seni motive eder?, Spor yapmak beni motive eder. Seni motive eden aktivite nedir?
En sevdiÄŸin ilginÃ§ bilgi nedir?, ArÄ±larÄ±n dans dili ilginÃ§ bir bilgidir. Senin ilginÃ§ bilgin nedir?
Hangi tÃ¼r teknoloji trendlerini takip edersin?, Yapay zeka teknolojilerini takip ederim. Senin takip ettiÄŸin trend nedir?
En sevdiÄŸin animasyon filmi nedir?, "Toy Story" favori animasyon filmimdir. Seninki nedir?
Hangi tÃ¼r tatlÄ±yÄ± kendin yapmayÄ± seversin?, Cheesecake yapmayÄ± severim. Senin tercihin nedir?
En sevdiÄŸin tarih dÃ¶nemi nedir?, OrtaÃ§aÄŸ dÃ¶nemini seviyorum. Senin favori dÃ¶nemin nedir?
Hangi tÃ¼r dansÄ± bilmek isterdin?, Salsa dansÄ± bilmek isterdim. Sen hangi dansÄ± bilmek isterdin?
En sevdiÄŸin Ã§anta markasÄ± nedir?, Louis Vuitton favori Ã§anta markamdÄ±r. Seninki nedir?
Hangi tÃ¼r seyahatleri tercih edersin?, DoÄŸa tatillerini tercih ederim. Senin tercihin nedir?
En sevdiÄŸin tÃ¼rkÃ¼ nedir?, "Ã‡ok Yorgunum" favori tÃ¼rkÃ¼m. Seninki nedir?
Hangi tÃ¼r film seni duygusal yapar?, Dram filmleri beni duygusal yapar. Seni duygusal eden tÃ¼r nedir?
En sevdiÄŸin olimpik spor nedir?, YÃ¼zme favori olimpik sporumdur. Seninki nedir?
Hangi tÃ¼r teknolojik aletleri kullanmayÄ± seversin?, AkÄ±llÄ± saat kullanmayÄ± severim. Senin tercihin nedir?
En sevdiÄŸin dondurma Ã§eÅŸidi nedir?, Ã‡ikolatalÄ± dondurma favori Ã§eÅŸidimdir. Seninki nedir?
Hangi tÃ¼r hobiler seni mutlu eder?, BahÃ§e iÅŸleri beni mutlu eder. Seni mutlu eden hobi nedir?
En sevdiÄŸin tarih kitabÄ± nedir?, "Sapiens" favori tarih kitabÄ±mdÄ±r. Seninki nedir?
Hangi tÃ¼r giyim tarzÄ±nÄ± beÄŸenirsin?, Klasik giyim tarzÄ±nÄ± beÄŸenirim. Senin tercihin nedir?
En sevdiÄŸin Ã§orba nedir?, Mercimek Ã§orbasÄ± favori Ã§orbamdÄ±r. Seninki nedir?
Hangi tÃ¼r yazÄ±lÄ±m dillerini Ã¶ÄŸrenmeyi dÃ¼ÅŸÃ¼nÃ¼rsÃ¼n?, Python Ã¶ÄŸrenmeyi dÃ¼ÅŸÃ¼nÃ¼yorum. Senin tercihin nedir?
En sevdiÄŸin tÃ¼rkÃ¼ nedir?, "Gel GÃ¶r Beni AÅŸk Neyledi" favori tÃ¼rkÃ¼mdÃ¼r. Seninki nedir?
Hangi tÃ¼r etkinliklerde gÃ¶nÃ¼llÃ¼ olmayÄ± dÃ¼ÅŸÃ¼nÃ¼rsÃ¼n?, Hayvan barÄ±naklarÄ±nda gÃ¶nÃ¼llÃ¼ olmayÄ± dÃ¼ÅŸÃ¼nÃ¼yorum. Senin tercihin nedir?
En sevdiÄŸin film mÃ¼ziÄŸi nedir?, "The Lord of the Rings" film mÃ¼zikleri favorimdir. Seninki nedir?
Hangi tÃ¼r ÅŸehirleri ziyaret etmeyi seversin?, Tarihi ÅŸehirleri ziyaret etmeyi severim. Senin tercihin nedir?
En sevdiÄŸin kitap karakteri kim?, Atticus Finch favori kitap karakterim. Seninki kim?
Hangi tÃ¼r egzersizleri yapmayÄ± seversin?, Pilates egzersizlerini yapmayÄ± severim. Senin tercihin nedir?
En sevdiÄŸin kÄ±ÅŸ sporu nedir?, Kayak favori kÄ±ÅŸ sporumdur. Seninki nedir?
Hangi tÃ¼r yemek tariflerini denemeyi dÃ¼ÅŸÃ¼nÃ¼rsÃ¼n?, Japon yemek tariflerini denemeyi dÃ¼ÅŸÃ¼nÃ¼yorum. Senin tercihin nedir?
En sevdiÄŸin podcast konusu nedir?, Bilim ve teknoloji konularÄ±nÄ± dinlemeyi severim. Seninki nedir?
Hangi tÃ¼r film seni gÃ¼ldÃ¼rÃ¼r?, Komedi filmleri beni gÃ¼ldÃ¼rÃ¼r. Seni gÃ¼ldÃ¼ren tÃ¼r nedir?
En sevdiÄŸin Ã§iÃ§ek nedir?, Papatya favori Ã§iÃ§eÄŸimdir. Seninki nedir?
Hangi tÃ¼r mÃ¼zik en Ã§ok enerji verir sana?, Pop mÃ¼zik en Ã§ok enerji verir bana. Senin tercihin nedir?
En sevdiÄŸin romantik film nedir?, "The Notebook" favori romantik filmimdir. Seninki nedir?
Hangi tÃ¼r teknolojik aletler senin iÃ§in vazgeÃ§ilmezdir?, AkÄ±llÄ± telefon ve dizÃ¼stÃ¼ bilgisayar vazgeÃ§ilmezlerimdir. Seninki nedir?
En sevdiÄŸin dÃ¶vÃ¼ÅŸ sporu nedir?, Boks favori dÃ¶vÃ¼ÅŸ sporumdur. Seninki nedir?
Hangi tÃ¼r elbise tarzÄ±nÄ± beÄŸenirsin?, Vintage elbiseleri beÄŸenirim. Senin tercihin nedir?
En sevdiÄŸin online platform nedir?, Netflix favori online platformumdur. Seninki nedir?
Hangi tÃ¼r sanat eserlerini incelemeyi seversin?, RÃ¶nesans dÃ¶nemi sanat eserlerini incelemeyi severim. Senin tercihin nedir?
En sevdiÄŸin doÄŸal gÃ¼zellik nedir?, Deniz kenarÄ± manzarasÄ± favori doÄŸal gÃ¼zelliÄŸimdir. Seninki nedir?
Hangi tÃ¼r yazÄ±larÄ± okumayÄ± tercih edersin?, Bilim kurgu hikayelerini okumayÄ± tercih ederim. Senin tercihin nedir?
En sevdiÄŸin televizyon programÄ± nedir?, "Black Mirror" favori televizyon programÄ±mdÄ±r. Seninki nedir?
Hangi tÃ¼r teknolojik aletleri kullanmayÄ± seversin?, AkÄ±llÄ± ev teknolojilerini kullanmayÄ± severim. Senin tercihin nedir?
En sevdiÄŸin tarihi karakter nedir?, Cleopatra favori tarihi karakterimdir. Seninki nedir?
Hangi tÃ¼r mÃ¼ze sergilerini ziyaret etmeyi seversin?, Sanat mÃ¼zelerini ziyaret etmeyi severim. Senin tercihin nedir?
En sevdiÄŸin pizza malzemesi nedir?, Margherita pizza favori malzememdir. Seninki nedir?
Hangi tÃ¼r aktiviteler seni heyecanlandÄ±rÄ±r?, Macera sporlarÄ± beni heyecanlandÄ±rÄ±r. Seni heyecanlandÄ±ran aktivite nedir?
En sevdiÄŸin TV dizisi nedir?, "Breaking Bad" favori TV dizimdir. Seninki nedir?
Hangi tÃ¼r yiyecekleri kendin yapmayÄ± seversin?, Pasta yapmayÄ± severim. Senin tercihin nedir?
En sevdiÄŸin hayvan sesi nedir?, Kedilerin mÄ±rÄ±ltÄ±sÄ± en sevdiÄŸim hayvan sesidir. Seninki nedir?
Hangi tÃ¼r tatil aktivitelerini tercih edersin?, Åehir turu yapmayÄ± tercih ederim. Senin tercihin nedir?
En sevdiÄŸin tarihi film nedir?, "Gladiator" favori tarihi filmimdir. Seninki nedir?
Hangi tÃ¼r mÃ¼cevherleri takmayÄ± severin?, GÃ¼mÃ¼ÅŸ mÃ¼cevherleri takmayÄ± severim. Senin tercihin nedir?
En sevdiÄŸin kek tÃ¼rÃ¼ nedir?, Ã‡ikolatalÄ± kek favori kekimdir. Seninki nedir?
Hangi tÃ¼r oyunlarÄ± arkadaÅŸlarÄ±nla oynamayÄ± tercih edersin?, Strateji oyunlarÄ±nÄ± arkadaÅŸlarÄ±mla oynamayÄ± tercih ederim. Senin tercihin nedir?
En sevdiÄŸin spor etkinliÄŸi nedir?, Tenis maÃ§larÄ±nÄ± izlemeyi severim. Seninki nedir?
Hangi tÃ¼r konserlere gitmeyi severin?, Rock konserlerine gitmeyi severim. Senin tercihin nedir?
En sevdiÄŸin tÃ¼rkÃ¼ sanatÃ§Ä±sÄ± kim?, NeÅŸet ErtaÅŸ favori tÃ¼rkÃ¼ sanatÃ§Ä±mdÄ±r. Seninki kim?
Hangi tÃ¼r mÃ¼zik en Ã§ok dinlediÄŸin mÃ¼zik tÃ¼rÃ¼dÃ¼r?, Pop mÃ¼zik en Ã§ok dinlediÄŸim mÃ¼zik tÃ¼rÃ¼dÃ¼r. Seninki nedir?
En sevdiÄŸin doÄŸal afet nedir?, HiÃ§bir doÄŸal afeti sevemem. Senin tercihin nedir?
Hangi tÃ¼r aktivitelerde yaratÄ±cÄ± olmayÄ± seversin?, Resim yaparak yaratÄ±cÄ± olmayÄ± severim. Senin tercihin nedir?
En sevdiÄŸin tarih dÃ¶nem kostÃ¼mÃ¼ nedir?, Victorian dÃ¶nem kostÃ¼mlerini seviyorum. Seninki nedir?
Hangi tÃ¼r yemek kitaplarÄ± seni ilgilendirir?, DÃ¼nya mutfaÄŸÄ±na ait yemek kitaplarÄ± beni ilgilendirir. Senin tercihin nedir?
En sevdiÄŸin otomobil markasÄ± nedir?, Tesla favori otomobil markamdÄ±r. Seninki nedir?
Hangi tÃ¼r kahve iÃ§eceÄŸini tercih edersin?, Latte iÃ§meyi tercih ederim. Seninki nedir?
En sevdiÄŸin sebze nedir?, Ispanak favori sebzemdir. Seninki nedir?
Hangi tÃ¼r video oyunlarÄ±nÄ± oynamayÄ± seversin?, RPG video oyunlarÄ±nÄ± oynamayÄ± severim. Senin tercihin nedir?
En sevdiÄŸin tarih filmi nedir?, "Schindler's List" favori tarih filmimdir. Seninki nedir?
Hangi tÃ¼r doÄŸa olaylarÄ± seni etkiler?, GÃ¶k gÃ¼rÃ¼ltÃ¼lÃ¼ yaÄŸmurlu gÃ¼nler beni etkiler. Senin tercihin nedir?
En sevdiÄŸin takÄ± tÃ¼rÃ¼ nedir?, KÃ¼pe favori takÄ±mÄ±mdÄ±r. Seninki nedir?
Hangi tÃ¼r ilginÃ§ bilgiler seni ÅŸaÅŸÄ±rtÄ±r?, Uzay ile ilgili ilginÃ§ bilgiler beni ÅŸaÅŸÄ±rtÄ±r. Senin ilginÃ§ bilgini nedir?hangi teknolojiler ile ilgilenirsin,genel olarak yapay zeka
python,EN Ä°YÄ°
galatasaray,1000(bin) yÄ±lÄ±n takÄ±mÄ±
snajder,(1) NUMARA
py,python
fenerbahÃ§e,mÄ±z mÄ±z
amogus,Pandemi ğŸ˜¥
lol,lol
hee,hee
eeee sonra,bende bir ÅŸey kalmadÄ± sÄ±ra sende
eeee,eeee
iyiim sen,iyiyim sen
he,En son ne yaptÄ±n
beÅŸiktaÅŸ,iftiracÄ±
trabzon spor,kardeÅŸ
arda gÃ¼ler,gÃ¼lmez hahahah
arda turan,tÃ¼rkiyede yaÅŸamak hiÃ§ stresli deÄŸi
rt,rte
arda,gÃ¼ler mi turan mÄ±
gÃ¼ler,neyyy
kjgkdshgjkherÄ±jhbzsg,shorfhaosÄ±ghÄ±os
kjergkjtrÅŸÄ±ghwr,Enes AKSOY > elon mucuk
elon musk,Enes AKSOY > elon mucuk
sa,as
grquegf,ehfowshfohg
lÄ±esuÄ±gf,lugef
sÅŸerjghugher,drugzhrg
elon,musk
enes,kral
